{
  "mu": [
    3.4492514045374407,
    7.008349558558131,
    4.028304141273559,
    38.96452663369179,
    132.7851039553593,
    0.8001872152329768,
    3.19945408836124,
    -0.02734496441467514,
    24.297758241680672,
    0.00041188364847425925,
    0.012743172097431152,
    -0.008065997612267594
  ],
  "sd": [
    1.56550559773453,
    1.2038232619762836,
    1.812543421358789,
    27.658114915486905,
    61.17443380635644,
    0.116260402124875,
    0.3527978038408039,
    0.9669072142907053,
    16.415302534316282,
    0.9785093565749262,
    1.0093421246012824,
    0.7679425689879928
  ],
  "feature_names": [
    "study_hours",
    "sleep_hours",
    "screen_time",
    "exercise_mins",
    "caffeine_mg",
    "attendance_rate",
    "prior_gpa",
    "ses_index",
    "commute_mins",
    "social_support",
    "stress",
    "cognitive_load"
  ]
}