{
  "mn": [
    63.09663036798725,
    6.128827238323247,
    1.766871404263896,
    -3.193205755756795,
    1.4427677797371945,
    -0.6499448849941639,
    1.9916218456273278,
    4.2330113066795905,
    2.340950907812603,
    -0.43828305079180363,
    1.7907438302402354,
    -1.3208214796204136,
    -4.737141570196763
  ],
  "Vn": [
    [
      0.0004997501249375312,
      -8.754723375857211e-20,
      3.8778057654898056e-18,
      4.848449363184696e-19,
      8.706958396620105e-19,
      -1.888971183557357e-18,
      3.1833234039971627e-18,
      9.171901413724452e-18,
      1.4568296607867918e-19,
      -1.2244164721911473e-19,
      9.328232715913315e-19,
      -1.974724292362872e-18,
      2.46299188179685e-18
    ],
    [
      -8.754723375857212e-20,
      0.0005023017239827535,
      3.9633261789865474e-06,
      1.6750962683488343e-05,
      3.2393150331937044e-06,
      1.8207503297182332e-05,
      -4.356160994727159e-06,
      1.1668275562532408e-06,
      -6.630559989643442e-06,
      -1.6862884698170966e-05,
      -1.2878102030263383e-05,
      -8.458468183019784e-06,
      1.0179948694158676e-05
    ],
    [
      3.877805765489807e-18,
      3.963326178986549e-06,
      0.0008032371733483142,
      -0.00024382344705619087,
      2.6268692124810545e-05,
      1.4677423673966932e-05,
      8.613324071289381e-06,
      -3.6530501125676693e-06,
      1.905732199615746e-05,
      -0.00019597600835234588,
      0.00016533017185830796,
      -0.0006088475472302931,
      0.000860752455184535
    ],
    [
      4.848449363184692e-19,
      1.6750962683488336e-05,
      -0.00024382344705619095,
      0.0007195877812859403,
      1.868345322106076e-05,
      1.5009568411110936e-05,
      -2.008047678460527e-05,
      1.9065190588397065e-06,
      -1.116619644027252e-05,
      0.00016316687244254745,
      -0.00015398466890943633,
      0.0005323849986276569,
      -0.0007321472247257187
    ],
    [
      8.706958396620105e-19,
      3.2393150331937044e-06,
      2.6268692124810545e-05,
      1.868345322106077e-05,
      0.0005050331386625809,
      -8.89664589262969e-07,
      3.667630902987375e-07,
      1.6683064159797103e-05,
      -3.942715940241468e-06,
      2.5356429340634245e-05,
      -2.559465426321828e-05,
      -8.064431652034435e-06,
      -2.569275713565904e-06
    ],
    [
      -1.8889711835573562e-18,
      1.8207503297182332e-05,
      1.4677423673966925e-05,
      1.5009568411110938e-05,
      -8.896645892629693e-07,
      0.0005029913649951815,
      4.807635491473162e-06,
      -1.906608236912611e-05,
      7.284766376046159e-07,
      -5.137853109421383e-06,
      2.848677603236219e-06,
      2.087069004661223e-05,
      -2.5236464879533584e-05
    ],
    [
      3.1833234039971635e-18,
      -4.356160994727159e-06,
      8.61332407128938e-06,
      -2.008047678460527e-05,
      3.667630902987375e-07,
      4.807635491473162e-06,
      0.0005019663470928244,
      -1.9551129119289103e-05,
      4.228816250948728e-06,
      -1.282063117698134e-05,
      -4.2966377868709525e-06,
      7.847603088887596e-06,
      8.295416583150072e-06
    ],
    [
      9.17190141372445e-18,
      1.1668275562532419e-06,
      -3.653050112567656e-06,
      1.9065190588396974e-06,
      1.66830641597971e-05,
      -1.9066082369126107e-05,
      -1.95511291192891e-05,
      0.0005051983137416619,
      2.6266119000868776e-06,
      9.959518595425125e-06,
      3.0479480447755074e-05,
      -9.962668822843797e-06,
      -1.4808110698248492e-05
    ],
    [
      1.456829660786792e-19,
      -6.63055998964344e-06,
      1.905732199615746e-05,
      -1.1166196440272519e-05,
      -3.942715940241468e-06,
      7.284766376046163e-07,
      4.228816250948727e-06,
      2.6266119000868776e-06,
      0.0005010396608312465,
      -3.849564259536004e-06,
      -4.258738176738813e-06,
      -1.8483640709863774e-05,
      3.745767848040553e-05
    ],
    [
      -1.2244164721911492e-19,
      -1.6862884698170966e-05,
      -0.00019597600835234594,
      0.00016316687244254745,
      2.5356429340634255e-05,
      -5.137853109421386e-06,
      -1.2820631176981341e-05,
      9.95951859542513e-06,
      -3.849564259536005e-06,
      0.0006147920104266738,
      -0.00012882673375028562,
      0.00037447852144135274,
      -0.0005243945291969566
    ],
    [
      9.328232715913315e-19,
      -1.2878102030263381e-05,
      0.00016533017185830804,
      -0.00015398466890943638,
      -2.559465426321828e-05,
      2.8486776032362185e-06,
      -4.296637786870949e-06,
      3.0479480447755067e-05,
      -4.258738176738808e-06,
      -0.00012882673375028562,
      0.0006070515494435605,
      -0.00034541623742386776,
      0.0005002085230432429
    ],
    [
      -1.9747242923628715e-18,
      -8.458468183019789e-06,
      -0.0006088475472302932,
      0.0005323849986276568,
      -8.06443165203445e-06,
      2.0870690046612222e-05,
      7.847603088887594e-06,
      -9.962668822843768e-06,
      -1.8483640709863778e-05,
      0.0003744785214413527,
      -0.00034541623742386776,
      0.00175167068496929,
      -0.001756876634953787
    ],
    [
      2.4629918817968504e-18,
      1.0179948694158678e-05,
      0.0008607524551845351,
      -0.0007321472247257187,
      -2.569275713565885e-06,
      -2.5236464879533574e-05,
      8.295416583150072e-06,
      -1.4808110698248512e-05,
      3.745767848040552e-05,
      -0.0005243945291969566,
      0.0005002085230432428,
      -0.001756876634953787,
      0.0024696265371918253
    ]
  ],
  "an": 1002.0,
  "bn": 44916.70268062502
}